sig,chainHash,channel_id,timestamp,message_flags,channel_flags,time_lock_delta,htlc_minimum_msat,base_fee,fee_late,htlc_maximum_msat
null,null,25198,254068,null,0,40,1000,1000,1,99565
null,null,20345,325914,null,0,40,1000,1000,1,99764
null,null,8738,630345,null,0,40,1,1000,1,99639
null,null,2062,638818,null,0,144,1000,1000,1,99932
null,null,2343,720201,null,0,144,1000,1000,1,98965
null,null,15605,724630,null,0,40,1000,1000,1,99638
null,null,9896,750152,null,0,40,1,1000,1,100421
null,null,10259,898075,null,0,40,1000,1000,1,98862
null,null,1330,1080788,null,0,144,1000,1000,1,99986
null,null,26532,1166273,null,0,40,1000,1000,1,99719
null,null,9055,1465600,null,0,40,1,1000,1,98523
null,null,27852,1597398,null,0,40,1000,1000,1,99982
null,null,24481,1788679,null,0,40,1000,1000,60,99217
null,null,18059,1803233,null,0,40,1000,0,10,99711
null,null,9041,1888027,null,0,40,1000,1000,1,98760
null,null,10107,2540821,null,0,40,1,1000,1,99743
null,null,1908,2630885,null,0,18,1000,1,1,99211
null,null,14813,2694460,null,0,4,1000,5,1000000,100116
null,null,927,2733811,null,0,144,1000,1000,1,102244
null,null,12856,3173324,null,0,40,1000,1000,1,100061
null,null,29263,3213967,null,0,40,1000,1000,1,102450
null,null,13811,3457358,null,0,40,1,1000,1,101188
null,null,19542,3495471,null,0,40,1000,1000,1,100190
null,null,27433,3741164,null,0,20,1000,1000,180,99969
null,null,22410,3953981,null,0,40,1000,1000,1,103198
null,null,14519,4025014,null,0,40,1000,0,0,100314
null,null,521,4198079,null,0,14,1000,1000,10,99620
null,null,2091,4663854,null,0,14,1000,300,1,100090
null,null,10432,4900070,null,0,40,1000,10,1,101195
null,null,1144,4988111,null,0,144,1000,1000,1,99674
null,null,21360,5580847,null,0,40,1000,1000,1,98888
null,null,23502,5598580,null,0,40,1000,1000,1,99066
null,null,17943,5957942,null,0,40,1000,1000,1,100219
null,null,29619,6448485,null,0,34,0,1000,10,99404
null,null,23484,6792921,null,0,40,1000,1000,1,100172
null,null,516,6946609,null,0,14,1000,1000,10,100076
null,null,24024,7032944,null,0,40,1000,1000,1,101378
null,null,26257,7275989,null,0,40,1000,0,1,100244
null,null,13788,7279190,null,0,40,1,1000,1,100436
null,null,5604,7330009,null,0,144,1000,1000,1,99475
null,null,18946,7347027,null,0,40,1000,1000,1,98516
null,null,2110,7422905,null,0,14,1000,1000,10,98040
null,null,20379,7558536,null,0,40,1000,1000,1,99582
null,null,2184,7696948,null,0,144,1,1000,100,98967
null,null,20373,7698239,null,0,40,1000,1000,1,99039
null,null,14537,8020897,null,0,40,1000,0,0,98596
null,null,14890,8059872,null,0,40,1000,1000,1,99552
null,null,20458,8089296,null,0,14,1,1000,1000,101327
null,null,28591,8296826,null,0,40,1000,1000,1,101616
null,null,16668,8685058,null,0,40,1,1000,1,100731
null,null,20481,8721562,null,0,40,1000,1000,1,100145
null,null,1283,8751495,null,0,144,1000,1000,1,99622
null,null,13117,8763400,null,0,40,1,1000,1,101085
null,null,9049,8771067,null,0,40,1000,1000,1,99475
null,null,27418,8810478,null,0,40,1000,0,1,100687
null,null,15176,8815426,null,0,40,1000,1000,1,99977
null,null,15119,8842749,null,0,40,1000,1000,1,100291
null,null,14842,9065951,null,0,40,1,1000,1,100411
null,null,29026,9375741,null,0,40,1000,1000,1,98120
null,null,16792,9617772,null,0,40,1000,1000,100,98958
null,null,10110,9671411,null,0,40,1000,1000,1,99718
null,null,1399,9698622,null,0,144,1000,1000,1,100234
null,null,8397,9748427,null,0,34,1000,1000,10,100199
null,null,19758,10053038,null,0,40,1,1000,1,99633
null,null,26219,10167667,null,0,40,1000,1000,1,99241
null,null,7031,10259047,null,0,144,1000,1000,1,99636
null,null,12891,10312775,null,0,40,1000,1000,1,98887
null,null,30425,10331611,null,0,40,1000,1000,1,98888
null,null,8910,10501332,null,0,40,1,1000,1,99631
null,null,29026,10519352,null,0,40,1000,1000,1,101706
null,null,19524,10567370,null,0,40,1000,1000,1250,100552
null,null,1342,10700260,null,0,144,1000,1000,1,100272
null,null,8389,10709530,null,0,40,1000,0,1,98929
null,null,24763,10713207,null,0,40,1000,0,0,101389
null,null,4197,10754234,null,0,144,1000,1000,5,100355
null,null,16807,11060287,null,0,40,1,1000,1,99895
null,null,18464,11169836,null,0,40,1000,1000,1,99809
null,null,25971,11195727,null,0,40,1000,1000,1,100318
null,null,25877,11195810,null,0,40,1000,1000,10,100789
null,null,16511,11264477,null,0,40,1000,1000,1,98669
null,null,6133,11288111,null,0,144,1000,1000,1,100997
null,null,21571,11581478,null,0,40,1000,0,1,98412
null,null,26763,11681106,null,0,40,1000,1000,1,101103
null,null,4412,11723025,null,0,144,1000,1000,1,99834
null,null,3200,11822274,null,0,144,1000,1000,1,99064
null,null,1029,11924726,null,0,144,1000,1000,100,99441
null,null,3984,11969928,null,0,144,1000,1000,1,101396
null,null,11073,12134330,null,0,40,1000,1000,1,99278
null,null,422,12149791,null,0,144,1000,1000,1,99876
null,null,15662,12496112,null,0,40,1000,1000,1,101182
null,null,13628,12861124,null,0,40,1000,1000,1,99459
null,null,20490,13714283,null,0,34,1,1000,10,100597
null,null,29469,13727910,null,0,40,1000,1000,1,99183
null,null,21097,13871203,null,0,40,1000,1000,1,99250
null,null,12919,14052284,null,0,40,1000,1000,1,100231
null,null,1071,14405024,null,0,144,1000,1000,1,100425
null,null,10544,14423603,null,0,40,1,1000,1,98757
null,null,26752,14478111,null,0,40,1000,1000,1,99107
null,null,12255,14726264,null,0,40,1000,1,1,100776
null,null,12255,14727060,null,0,40,1000,1,1,100776
null,null,1943,14945325,null,0,144,1000,0,1,100658
null,null,5502,15048238,null,0,144,1000,1000,1,100793
null,null,19880,15137223,null,0,40,1000,1000,200,100944
null,null,21,15307043,null,0,14,1000,1000,10,98987
null,null,30186,15637032,null,0,40,1000,1000,1,99951
null,null,30186,15637629,null,0,40,1000,1000,1,99951
null,null,26305,16289863,null,0,40,1000,0,1,100479
null,null,23055,16326072,null,0,40,1000,1000,1,100336
null,null,19615,16343512,null,0,40,1000,1000,1,99774
null,null,19584,16749492,null,0,40,1000,1000,1,99278
null,null,12987,16782563,null,0,14,1,1,1,100612
null,null,23580,16806279,null,0,40,1000,100000,1000000,101152
null,null,26719,16824094,null,0,40,1000,1000,1,99977
null,null,15969,17167735,null,0,40,1000,1000,1,99579
null,null,29086,17283054,null,0,40,1000,1000,1,99872
null,null,22746,17287668,null,0,40,1000,1000,1,100309
null,null,18700,17332643,null,0,40,1000,1000,1,101630
null,null,13172,17517159,null,0,40,1000,1000,1,101512
null,null,21116,17675838,null,0,40,1000,1000,1,99519
null,null,29026,17700052,null,0,40,1000,1000,1,99392
null,null,27484,17739714,null,0,40,1000,1000,1,99627
null,null,27997,17901593,null,0,40,1000,1000,1,100952
null,null,26673,17957584,null,0,40,1000,1000,1,99867
null,null,11046,17971289,null,0,40,1,1000,1,101325
null,null,30252,18006815,null,0,40,1000,1000,1,95975
null,null,22823,18058601,null,0,40,1000,0,1,101107
null,null,177,18088647,null,0,144,1000,1000,1,100514
null,null,2519,18154150,null,0,40,1000,800,1,99424
null,null,26089,18244494,null,0,40,1000,1000,1,99743
null,null,25584,18244892,null,0,40,1000,1000,1,99743
null,null,27511,18603195,null,0,40,1000,1000,1,100461
null,null,4230,18636599,null,0,144,1000,1000,1,99338
null,null,24614,18656223,null,0,40,1000,1000,1,101299
null,null,3591,18691587,null,0,144,1000,1000,1,100575
null,null,29308,18703510,null,0,40,1000,1000,1,99547
null,null,16914,18783340,null,0,144,1,2,0,99956
null,null,24462,18848254,null,0,40,1000,1000,1,97115
null,null,15864,18986883,null,0,40,1000,1000,1,99471
null,null,24743,19018661,null,0,40,1000,0,0,98977
null,null,3891,19067160,null,0,4,1000,1,1,101128
null,null,16766,19494731,null,0,40,1000,1000,1,100779
null,null,11684,19576543,null,0,40,1000,1000,1,99657
null,null,26693,19598129,null,0,40,1000,1000,1,99399
null,null,26741,19697251,null,0,40,1000,1000,1,100203
null,null,28153,19722164,null,0,40,1000,1000,1,100160
null,null,28153,19722760,null,0,40,1000,1000,1,100160
null,null,28427,19859540,null,0,40,1000,1000,1,100020
null,null,25306,19895545,null,0,40,1000,1000,1,99361
null,null,29330,19903998,null,0,40,1000,1000,1,100862
null,null,21240,20174515,null,0,40,1000,1000,1,99421
null,null,27214,20197376,null,0,40,1000,0,1000000,99921
null,null,23245,20248215,null,0,40,1000,0,1,101292
null,null,26198,20255462,null,0,40,1000,1,1,100746
null,null,5390,20286468,null,0,144,1,1000,1,100387
null,null,25627,20310118,null,0,40,1000,1000,1,101464
null,null,28159,20514040,null,0,40,1000,1000,1,100904
null,null,29359,20599067,null,0,40,1000,1000,1,100323
null,null,10561,20612362,null,0,40,1000,4000,30,97744
null,null,27262,20720451,null,0,40,1000,0,1,98591
null,null,12422,20744320,null,0,40,1,1000,1,100658
null,null,23930,20963520,null,0,40,1000,0,1,100016
null,null,17934,20984758,null,0,40,1000,1000,1,101239
null,null,6634,21291555,null,0,36,0,10,100,100421
null,null,30125,21332865,null,0,40,1,1000,1,98604
null,null,17085,21369931,null,0,14,1,800,5,99861
null,null,30320,21408589,null,0,40,1000,1000,1,99872
null,null,16253,21536170,null,0,40,1000,0,1,100818
null,null,16743,21556674,null,0,40,1000,1000,1,100585
null,null,30440,21798216,null,0,40,1000,1000,1,99752
null,null,29863,21878519,null,0,40,1000,1000,1,101317
null,null,14972,22026685,null,0,40,1000,248,1,99143
null,null,30039,22196064,null,0,40,1000,1000,1,99423
null,null,26770,22198641,null,0,40,1000,1000,1,99943
null,null,27051,22276663,null,0,34,1,10,10,101996
null,null,11966,22298352,null,0,40,1000,1000,1,100013
null,null,26902,22456593,null,0,40,1000,1000,1,98728
null,null,415,22506663,null,0,144,1000,1000,1,99699
null,null,26262,22537999,null,0,40,1000,0,1,99706
null,null,21916,22573429,null,0,40,1000,0,1,99537
null,null,25984,22583708,null,0,40,1000,0,1,99572
null,null,21963,22652870,null,0,40,1000,1000,1,98675
null,null,18959,22671741,null,0,40,1000,0,1,98569
null,null,6328,22679217,null,0,144,1000,1000,1,98348
null,null,16654,22723489,null,0,144,1,0,0,98566
null,null,23927,22764328,null,0,40,1000,0,1,99428
null,null,25538,22861839,null,0,40,1000,0,1,99822
null,null,20541,22921326,null,0,40,1000,1000,1,100614
null,null,26939,23033504,null,0,40,1000,1000,1,99339
null,null,6314,23047870,null,0,144,1000,1000,1,99263
null,null,18559,23077632,null,0,40,1000,1000,1,100303
null,null,28245,23105153,null,0,40,1,1000,1,99349
null,null,2344,23107159,null,0,14,1000,1000,10,99805
null,null,24736,23119738,null,0,40,1000,0,0,101468
null,null,24736,23120335,null,0,40,1000,0,0,101468
null,null,11950,23229108,null,0,144,1000,1,1,99209
null,null,11746,23245642,null,0,40,1000,1000,1,100714
null,null,6151,23263799,null,0,144,1000,1000,1,100329
null,null,30044,23484953,null,0,40,1000,1000,1,99672
null,null,16757,23506250,null,0,40,1000,1000,1,98461
null,null,23870,23519226,null,0,40,1000,1000,1,100936
null,null,18677,23792756,null,0,40,1000,1000,1,101857
null,null,28425,23911449,null,0,40,1000,1000,1,100294
null,null,14458,24050319,null,0,40,1000,1000,1,101314
null,null,9796,24114769,null,0,40,1000,1000,1,100294
null,null,2540,24197285,null,0,144,1000,1000,1,98681
null,null,19330,24210718,null,0,40,1000,1000,1,101251
null,null,16830,24324011,null,0,40,1000,1000,1,99986
null,null,24736,24400849,null,0,40,1000,0,0,98544
null,null,27388,24439288,null,0,40,1000,0,1,99852
null,null,14530,24463206,null,0,40,1000,0,0,99148
null,null,30440,24604127,null,0,40,1000,1000,1,100739
null,null,1188,24628958,null,0,144,1000,1000,1,99008
null,null,3637,24631237,null,0,144,1000,1000,1,100658
null,null,24738,24655248,null,0,40,1000,0,0,101927
null,null,16206,24659457,null,0,40,1000,1000,1,101317
null,null,9077,24671392,null,0,40,1000,1000,1,99601
null,null,9271,24677621,null,0,40,1,1000,1,99477
null,null,29863,24693333,null,0,40,1000,1000,1,100973
null,null,15885,24821497,null,0,40,1000,1000,1,99409
null,null,14171,24860764,null,0,40,1000,0,0,98843
null,null,12933,24863629,null,0,40,1000,0,0,100319
null,null,14419,24878258,null,0,40,1000,0,0,98522
null,null,10465,24952776,null,0,40,1000,1000,1,98325
null,null,24566,25048360,null,0,40,10000,1000,1,98650
null,null,28289,25097618,null,0,40,1000,1000,1,98914
null,null,4700,25152461,null,0,144,1000,1000,1,98907
null,null,4700,25153261,null,0,144,1000,1000,1,98907
null,null,27524,25278955,null,0,40,1000,1000,1,100681
null,null,27524,25279748,null,0,40,1000,1000,1,100681
null,null,25546,25389929,null,0,40,1000,0,1,99384
null,null,29149,25473695,null,0,40,1000,1000,1,100985
null,null,29060,25615422,null,0,40,1000,1000,1,101163
null,null,16743,25648912,null,0,40,1000,1000,1,100055
null,null,13980,25655607,null,0,40,1000,0,0,100105
null,null,26773,25684385,null,0,40,1000,1000,1,100481
null,null,17197,25739756,null,0,40,1000,1000,1,100211
null,null,24762,25806016,null,0,40,1000,0,0,100447
null,null,11618,25839887,null,0,40,1000,0,1,99590
null,null,8545,25889881,null,0,40,1,1000,1,98913
null,null,22968,25919976,null,0,40,1000,1000,1,98965
null,null,9503,25928986,null,0,40,1000,1000,1,101013
null,null,16644,25942795,null,0,40,1000,1000,1,98363
null,null,10958,25946414,null,0,18,1000,10000,200,101005
null,null,16805,25992312,null,0,40,1000,1000,1,101239
null,null,3375,26043049,null,0,144,1000,1000,1,101921
null,null,29422,26104708,null,0,40,1000,100,1000,99733
null,null,29423,26105305,null,0,40,1000,100,1000,99733
null,null,23860,26147716,null,0,40,1000,1000,1,100686
null,null,10696,26196520,null,0,40,1,1000,1,99841
null,null,16652,26344616,null,0,40,1000,1000,1,99864
null,null,26075,26371575,null,0,40,1000,1000,1,101347
null,null,20946,26497380,null,0,40,1000,1000,1,99303
null,null,24614,26535851,null,0,40,1000,1000,1,100108
null,null,27974,26567893,null,0,40,1000,1000,1,99805
null,null,30141,26761987,null,0,40,1000,1000,1,100599
null,null,27590,26798729,null,0,40,1000,1000,1,99885
null,null,17006,26946768,null,0,40,1000,0,0,101897
null,null,28788,26966297,null,0,40,1000,1000,1,98996
null,null,24763,27024191,null,0,40,1000,0,0,100134
null,null,6120,27195126,null,0,144,1000,1000,1,100151
null,null,3730,27218762,null,0,144,1000,1000,1,100270
null,null,24069,27395510,null,0,40,1000,1000,1,99913
null,null,4700,27590123,null,0,144,1000,1000,1,100997
null,null,27170,27618490,null,0,40,1000,1000,1,98412
null,null,14481,27626096,null,0,40,1000,0,0,98956
null,null,17009,27626141,null,0,40,1000,0,0,99159
null,null,14416,27648617,null,0,40,1000,0,0,100913
null,null,24754,28094069,null,0,40,1000,0,0,98910
null,null,24754,28094667,null,0,40,1000,0,0,98910
null,null,24687,28131980,null,0,40,1000,0,0,99193
null,null,27418,28135537,null,0,40,1000,0,1,100439
null,null,26859,28268501,null,0,40,1000,1000,1,99062
null,null,2453,28288557,null,0,144,1000,1000,1,102611
null,null,29863,28306774,null,0,40,1000,1000,1,102591
null,null,30052,28414551,null,0,40,1000,1000,1,99893
null,null,11312,28781477,null,0,48,1000,500,100,100732
null,null,25497,28918379,null,0,40,1000,0,1,99350
null,null,14509,28957241,null,0,40,1000,0,0,98868
null,null,23921,28960482,null,0,40,1000,0,1,99587
null,null,18449,28991219,null,0,40,1000,1000,1,98646
null,null,21097,29019562,null,0,40,1000,1000,1,99181
null,null,5430,29043633,null,0,144,1000,1000,1,100958
null,null,21915,29090017,null,0,40,1000,0,1,99723
null,null,24475,29133879,null,0,40,1000,1000,1,100358
null,null,9539,29177067,null,0,40,1000,1000,1,101848
null,null,8838,29217545,null,0,40,1000,1000,1,101341
null,null,23929,29357474,null,0,40,1000,0,1,99384
null,null,28168,29439540,null,0,40,1000,1000,1,99379
null,null,18449,29528126,null,0,40,1000,1000,1,101473
null,null,14508,29634859,null,0,40,1000,0,0,97837
null,null,27193,29649178,null,0,40,1000,0,1,98279
null,null,14387,29649231,null,0,40,1000,0,0,101164
null,null,24768,29650392,null,0,40,1000,0,0,100834
null,null,24695,29690044,null,0,40,1000,0,0,100717
null,null,23614,29792827,null,0,34,1,1000,10,101683
null,null,23395,29796509,null,0,40,1000,1000,1,99014
null,null,25826,29817813,null,0,40,1000,1000,1000,99464
null,null,938,29901960,null,0,144,1000,475,250,100541
null,null,7391,29991313,null,0,40,1000,1000,1,99071
null,null,1519,29996445,null,0,144,1000,1000,1,97135
null,null,18416,30038751,null,0,40,1000,1000,1,97930
null,null,27855,30134374,null,0,40,1000,1000,1,97591
null,null,27407,30184357,null,0,40,1000,0,1,99603
null,null,30380,30197623,null,0,40,1000,1000,1,98626
null,null,24036,30364103,null,0,40,1000,1000,1,98824
null,null,2599,30429210,null,0,144,1000,1000,1,99427
null,null,21633,30455563,null,0,44,1000,1000,81,98875
null,null,20225,30457164,null,0,40,1000,1000,1,99257
null,null,24747,30457239,null,0,40,1000,0,0,97471
null,null,14509,30490930,null,0,40,1000,0,0,100138
null,null,28356,30499624,null,0,40,1000,1000,1,99317
null,null,26743,30514200,null,0,40,1000,1000,1,99560
null,null,28776,30711705,null,0,40,1000,1000,1,99478
null,null,18958,30742767,null,0,40,1000,0,1,99384
null,null,26134,30913354,null,0,40,1000,0,1,98943
null,null,16653,30952036,null,0,40,1000,1000,1,100416
null,null,14518,31007846,null,0,40,1000,0,0,100646
null,null,14401,31042247,null,0,40,1000,0,0,101145
null,null,14523,31046580,null,0,40,1000,0,0,101642
null,null,26584,31092278,null,0,40,1000,0,1,100640
null,null,26584,31092678,null,0,40,1000,0,1,100640
null,null,28137,31116083,null,0,40,1000,1000,1,100590
null,null,24692,31144180,null,0,40,1000,0,0,99396
null,null,24712,31168345,null,0,40,1000,0,0,99088
null,null,29148,31191383,null,0,40,1000,1000,1,99269
null,null,17008,31194772,null,0,40,1000,0,0,100516
null,null,25813,31265433,null,0,40,1000,1000,1,100370
null,null,14578,31328847,null,0,40,1000,0,500,101586
null,null,29814,31355702,null,0,40,1000,1000,1,100764
null,null,25201,31423823,null,0,40,1000,0,1,99966
null,null,23711,31424485,null,0,40,1000,0,1,100580
null,null,104,31572237,null,0,144,1000,1000,1,98757
null,null,23775,31572826,null,0,60,1000,2,5,100008
null,null,21999,31575634,null,0,40,1000,1000,1,101190
null,null,22883,31602576,null,0,40,1000,0,1,99431
null,null,20258,31634140,null,0,18,1000,0,1,100731
null,null,23042,31746818,null,0,40,1000,69420,69,100681
null,null,14685,31906571,null,0,40,1000,342,1,101082
null,null,28156,31966096,null,0,40,1000,1000,1,100387
null,null,2102,32030354,null,0,144,1000,1000,1,101116
null,null,13377,32042029,null,0,40,1000,1000,500,98647
null,null,10291,32067929,null,0,40,1,1000,1,100789
null,null,6460,32096705,null,0,144,1000,1000,1,100637
null,null,29086,32147134,null,0,40,1000,1000,1,101432
null,null,29365,32202672,null,0,40,1000,1000,1,97925
null,null,14530,32249516,null,0,40,1000,0,0,99862
null,null,24785,32268762,null,0,40,1000,0,0,98909
null,null,74,32313166,null,0,144,1000,1000,1,100705
null,null,26691,32347212,null,0,40,1000,1000,1,100402
null,null,26257,32469106,null,0,40,1000,0,1,98989
null,null,17062,32588689,null,0,40,1000,1000,1,98897
null,null,14477,32651296,null,0,40,1000,0,0,100608
null,null,30279,32674907,null,0,40,1000,1000,1,98754
null,null,16191,32763862,null,0,14,1,1000,10,100619
null,null,22021,32794739,null,0,40,1000,1000,1,100301
null,null,26067,32804645,null,0,40,1000,1,1,101138
null,null,13526,32832962,null,0,40,1000,1000,1,98955
null,null,15509,32846300,null,0,40,1,1000,1,100893
null,null,25866,32884967,null,0,50,1,100,1000,100722
null,null,14813,32945944,null,0,4,1000,5,1000000,100805
null,null,28788,33024811,null,0,40,1000,1000,1,98547
null,null,23927,33050547,null,0,40,1000,0,1,99232
null,null,5701,33191356,null,0,144,1,1000,1,101225
null,null,14929,33211829,null,0,40,1000,1000,1,100425
null,null,3600,33255524,null,0,144,1000,1000,1,101072
null,null,17474,33264223,null,0,34,1,1000,10,100389
null,null,13341,33289888,null,0,40,1000,1000,1,99860
null,null,9394,33349605,null,0,40,1,1000,1,98247
null,null,29824,33351270,null,0,40,1000,1000,1,97499
null,null,23314,33380057,null,0,40,1000,1000,1,102299
null,null,11431,33411953,null,0,40,1000,1000,1,100214
null,null,13084,33455589,null,0,40,1000,1000,1,99839
null,null,24454,33575914,null,0,40,1000,1000,1,100341
null,null,3688,33608204,null,0,14,1000,1000,10,101678
null,null,25550,33609083,null,0,40,1000,0,1,99470
null,null,17010,33629050,null,0,40,1000,0,0,101571
null,null,17010,33655493,null,0,40,1000,0,0,101635
null,null,12934,33667079,null,0,40,1000,0,0,101090
null,null,22447,33782830,null,0,40,1000,1000,1,99239
null,null,26690,33853437,null,0,40,1000,1000,1,99484
null,null,25567,34016834,null,0,40,1000,0,1,100177
null,null,25856,34041882,null,0,40,1000,0,1,98572
null,null,15488,34044257,null,0,40,1000,1000,1,99480
null,null,27262,34217634,null,0,40,1000,0,1,99718
null,null,20896,34237251,null,0,40,1000,1000,1,99917
null,null,28821,34267938,null,0,40,1000,1000,1,101074
null,null,28821,34268137,null,0,40,1000,1000,1,101074
null,null,23922,34281088,null,0,40,1000,0,1,101528
null,null,23922,34281689,null,0,40,1000,0,1,101528
null,null,27145,34332145,null,0,40,1000,0,1,99847
null,null,14525,34351701,null,0,40,1000,0,0,99003
null,null,27032,34375714,null,0,40,1000,1000,1,100081
null,null,28359,34594804,null,0,40,1000,1000,1,99316
null,null,14377,34645048,null,0,40,1000,0,0,99834
null,null,14383,34658237,null,0,40,1000,0,0,98827
null,null,21904,34673344,null,0,40,1000,0,1,100620
null,null,21904,34673542,null,0,40,1000,0,1,100620
null,null,452,34700080,null,0,144,1000,1000,100,100032
null,null,27206,34750158,null,0,40,1000,0,1,100917
null,null,14400,35034664,null,0,40,1000,0,0,99738
null,null,29301,35039103,null,0,144,1,1000,100,100058
null,null,25499,35144740,null,0,40,1000,0,1,98382
null,null,14396,35162818,null,0,40,1000,0,0,99901
null,null,27039,35260010,null,0,40,1000,1000,1,100423
null,null,26860,35319942,null,0,40,1000,1000,1,101960
null,null,26860,35320138,null,0,40,1000,1000,1,101960
null,null,28862,35406204,null,0,40,1000,1000,1,98858
null,null,28564,35523088,null,0,40,1000,1000,1,98631
null,null,13974,35571513,null,0,40,1000,0,0,99793
null,null,13977,35579423,null,0,40,1000,0,0,100173
null,null,25504,35609008,null,0,40,1000,0,1,99462
null,null,24721,35614642,null,0,40,1000,0,0,100659
null,null,24765,35622146,null,0,40,1000,0,0,100359
null,null,23929,35665723,null,0,40,1000,0,1,100846
null,null,24712,35675224,null,0,40,1000,0,0,100928
null,null,316,35704626,null,0,14,1000,1000,10,99688
null,null,6188,35754028,null,0,144,1000,1000,1,97812
null,null,27437,35970288,null,0,40,1000,0,1,100485
null,null,30109,36070362,null,0,40,1000,1000,1,100768
null,null,24746,36081320,null,0,40,1000,0,0,99654
null,null,25044,36126128,null,0,40,1000,1000,1,100613
null,null,8763,36222142,null,0,40,1,1000,1,101400
null,null,23276,36241717,null,0,40,1000,1000,1,100223
null,null,14381,36371915,null,0,40,1000,0,0,100987
null,null,14515,36414245,null,0,40,1000,0,0,97929
null,null,11128,36428963,null,0,40,1000,0,0,101034
null,null,24143,36502464,null,0,40,1000,1000,1,100058
null,null,22437,36533010,null,0,40,1000,1000,1,100049
null,null,24688,36600378,null,0,40,1000,0,0,99447
null,null,14169,36657928,null,0,40,1000,0,0,98479
null,null,13864,36741798,null,0,0,0,0,0,101730
null,null,28384,36741814,null,0,40,1000,1000,1,99999
null,null,12906,36759202,null,0,40,1000,0,0,100451
null,null,30276,36765721,null,0,40,1000,1000,1,101425
null,null,26995,36826082,null,0,40,1000,0,1,100783
null,null,10536,36903849,null,0,40,1000,1000,1,99911
null,null,17087,36949107,null,0,34,1,1000,10,99545
null,null,11983,36957266,null,0,40,1000,1000,1,100166
null,null,1377,37020303,null,0,144,1000,1000,1,100052
null,null,7569,37037097,null,0,144,1,480,1,100532
null,null,11694,37075904,null,0,40,1000,1000,1,97862
null,null,3485,37111074,null,0,144,1,1000,100,100433
null,null,2149,37239353,null,0,144,1000,1000,1,99474
null,null,24767,37257909,null,0,40,1000,0,0,100402
null,null,16629,37259901,null,0,40,1000,1000,1,99517
null,null,24216,37263104,null,0,40,1000,1000,1,99520
null,null,24216,37263499,null,0,40,1000,1000,1,99520
null,null,26327,37263631,null,0,40,1000,1000,1,100299
null,null,12979,37289888,null,0,40,1,1000,1,99158
null,null,11311,37298958,null,0,40,1000,1000,100,100588
null,null,1355,37359163,null,0,14,1000,1000,10,101338
null,null,22810,37495870,null,0,40,1000,1000,1,100982
null,null,26198,37663670,null,0,40,1000,1,1,100476
null,null,26858,37753834,null,0,40,1000,1000,1,100048
null,null,17986,37848066,null,0,22,1,20,1,100470
null,null,7618,38225884,null,0,40,1000,1000,1,99703
null,null,26257,38351173,null,0,40,1000,0,1,101218
null,null,30054,38372000,null,0,40,1000,1000,1,98228
null,null,26584,38390593,null,0,40,1000,0,1,99566
null,null,29863,38426791,null,0,40,1000,1000,1,100632
null,null,14526,38515461,null,0,40,1000,0,0,99229
null,null,14044,38526598,null,0,40,1000,1000,1,98092
null,null,14474,38530302,null,0,40,1000,0,0,100330
null,null,14471,38557323,null,0,40,1000,0,0,99722
null,null,3785,38709289,null,0,144,1000,0,1,100692
null,null,13979,38713112,null,0,40,1000,0,0,99842
null,null,27053,38715403,null,0,40,1000,1000,1,97997
null,null,24685,38730584,null,0,40,1000,0,0,99840
null,null,29190,38745410,null,0,34,1,246,2,99309
null,null,28085,38753459,null,0,40,1000,1000,1,98218
null,null,16636,38790412,null,0,40,1000,1000,1,97683
null,null,24207,38824472,null,0,40,1000,0,0,99344
null,null,14387,38951999,null,0,40,1000,0,0,100077
null,null,12934,38976769,null,0,40,1000,0,0,99798
null,null,27734,39048978,null,0,40,1000,1000,1,100513
null,null,24811,39060866,null,0,40,1000,0,0,100310
null,null,24725,39063336,null,0,40,1000,0,0,100312
null,null,6128,39073167,null,0,144,1000,1000,1,99647
null,null,12913,39096550,null,0,40,1000,0,0,98914
null,null,24681,39193733,null,0,40,1000,0,0,99062
null,null,6284,39194811,null,0,144,1000,1000,1,102522
null,null,11006,39228939,null,0,40,1000,1000,1,101020
null,null,24801,39230624,null,0,40,1000,0,0,99553
null,null,26719,39237475,null,0,40,1000,1000,1,99918
null,null,24681,39325479,null,0,40,1000,0,0,100850
null,null,24207,39328221,null,0,40,1000,0,0,100249
null,null,23047,39364022,null,0,40,1000,1000,1,99843
null,null,14515,39368792,null,0,40,1000,0,0,99231
null,null,12905,39377343,null,0,40,1000,0,0,101157
null,null,19073,39427362,null,0,40,1,1000,1,100200
null,null,21655,39481996,null,0,40,1000,1000,1,99893
null,null,27587,39501723,null,0,40,1000,1000,1,98324
null,null,16855,39536631,null,0,40,1000,1000,1,98519
null,null,24174,39560098,null,0,40,1000,0,1,100726
null,null,14393,39563889,null,0,40,1000,0,0,100606
null,null,14386,39597375,null,0,40,1000,0,0,100279
null,null,10463,39633632,null,0,14,1000,1000,10,98426
null,null,24691,39701746,null,0,40,1000,0,0,100413
null,null,27463,39704535,null,0,40,1000,1000,1,99603
null,null,14541,39768824,null,0,40,1000,0,0,99765
null,null,24684,39769418,null,0,40,1000,0,0,99738
null,null,1057,39790563,null,0,144,1000,1000,1,99007
null,null,26689,40084746,null,0,40,1000,1000,1,100609
null,null,20725,40105003,null,0,40,1000,1000,1,100736
null,null,22271,40188316,null,0,40,1000,1000,1,99878
null,null,9448,40222360,null,0,40,1,1000,1,99250
null,null,16889,40337989,null,0,40,1000,1,2,101692
null,null,14504,40338186,null,0,36,1000,1,3,101692
null,null,6345,40344515,null,0,40,1000,1000,1,100311
null,null,11845,40504823,null,0,40,1,1000,1,99583
null,null,17008,40534740,null,0,40,1000,0,0,100038
null,null,24800,40558849,null,0,40,1000,0,0,99580
null,null,27209,40578498,null,0,40,1000,0,1000000,99405
null,null,30059,40717627,null,0,40,1000,1000,1,99116
null,null,27734,40734926,null,0,40,1000,1000,1,99859
null,null,30051,40744455,null,0,40,1000,1000,1,100542
null,null,11727,40783978,null,0,34,1000,1000,1,99732
null,null,15306,40791352,null,0,40,1000,1000,1,100685
null,null,22254,40796935,null,0,40,1000,1000,1,98958
null,null,23736,40867761,null,0,18,1000,100,1,99516
null,null,16605,40983831,null,0,40,1000,1000,1,99517
null,null,14887,41024605,null,0,60,1000,0,899,99210
null,null,2643,41087422,null,0,144,10,1000,1,100470
null,null,25203,41112682,null,0,40,1000,0,1,99657
null,null,13261,41138757,null,0,40,1000,1000,1,101807
null,null,6189,41140770,null,0,144,1000,1000,1,99192
null,null,9166,41318817,null,0,40,1,1000,1,99911
null,null,9978,41326618,null,0,40,1000,1000,1,101503
null,null,30059,41383235,null,0,40,1000,1000,1,100414
null,null,15257,41433890,null,0,40,1000,0,0,99711
null,null,12909,41435833,null,0,40,1000,0,0,98741
null,null,26140,41451858,null,0,40,1000,0,1,100031
null,null,11126,41464280,null,0,40,1000,0,0,101102
null,null,14470,41536931,null,0,40,1000,0,0,101454
null,null,14478,41582498,null,0,40,1000,0,0,100185
null,null,11650,41590928,null,0,40,1000,1000,1,101113
null,null,25539,41643171,null,0,40,1000,0,1,100691
null,null,14396,41675822,null,0,40,1000,0,0,98943
null,null,27214,41681303,null,0,40,1000,0,1000000,99481
null,null,9225,41687165,null,0,40,1000,1000,1,100654
null,null,5925,41687763,null,0,144,1000,1000,1,100654
null,null,27034,41698289,null,0,40,1000,1000,1,100305
null,null,15280,41743157,null,0,40,1000,0,0,100015
null,null,29938,41793722,null,0,40,1000,1000,1,97413
null,null,19988,41810522,null,0,14,1,1000,10,100259
null,null,2825,41829173,null,0,144,1000,1000,1,99222
null,null,13977,41830403,null,0,40,1000,0,0,100466
null,null,14477,41908357,null,0,40,1000,0,0,99662
null,null,26965,41913167,null,0,40,1000,1000,12,99207
null,null,24322,42145423,null,0,40,1000,0,1,100954
null,null,24322,42146020,null,0,40,1000,0,1,100954
null,null,18449,42172920,null,0,40,1000,1000,1,100240
null,null,18061,42174822,null,0,40,1000,1000,333,102549
null,null,9375,42306454,null,0,40,1,1000,1,98646
null,null,10817,42344646,null,0,40,1,1000,1,98418
null,null,4620,42396795,null,0,144,1000,1,1,99825
null,null,13710,42399227,null,0,40,1000,1000,1,101711
null,null,16682,42419477,null,0,40,1,1000,1,101933
null,null,9949,42427286,null,0,40,1000,1000,1,99920
null,null,7352,42436474,null,0,40,1000,1000,1,98247
null,null,11591,42437639,null,0,40,1,1000,1,99755
null,null,5682,42441483,null,0,144,1000,1000,1,100196
null,null,25771,42488477,null,0,40,1000,500,1,100282
null,null,26536,42532135,null,0,40,1000,1000,1,101096
null,null,3306,42533768,null,0,40,1000,10000,10,100777
null,null,28156,42567975,null,0,40,1000,1000,1,100547
null,null,6110,42675484,null,0,40,1000,1000,1,99721
null,null,14480,42685366,null,0,40,1000,0,0,100736
null,null,24687,42690551,null,0,40,1000,0,0,99081
null,null,26742,42725490,null,0,40,1000,1000,1,102578
null,null,3478,42739832,null,0,144,1000,1000,1,99142
null,null,30139,42740693,null,0,14,1,1000,10,99313
null,null,24826,42775620,null,0,40,1000,0,0,99166
null,null,8807,42792655,null,0,40,1,1000,1,99196
null,null,30186,42844536,null,0,40,1000,1000,1,100526
null,null,14483,42876569,null,0,40,1000,0,0,98879
null,null,8472,42930395,null,0,40,1,1000,1,101701
null,null,23736,42959040,null,0,18,1000,100,1,99704
null,null,23485,42977781,null,0,40,1000,1000,1,99372
null,null,10165,42996255,null,0,40,1000,1000,1,98853
null,null,24687,43032406,null,0,40,1000,0,0,99430
null,null,27820,43038367,null,0,40,1000,1000,1,99911
null,null,27388,43054757,null,0,40,1000,0,1,100047
null,null,27644,43111897,null,0,40,1000,1000,1,100176
null,null,27094,43114730,null,0,34,1,6874,158,99389
null,null,15631,43136173,null,0,40,1000,1000,1,99627
null,null,24238,43222329,null,0,40,1000,1000,1,100283
null,null,24690,43225308,null,0,40,1000,0,0,98349
null,null,12407,43357849,null,0,40,1,1000,1,99212
null,null,5643,43401263,null,0,144,1000,1000,1,101250
null,null,8299,43430373,null,0,144,1,100,1,101116
null,null,29095,43488329,null,0,40,1000,1000,1,100163
null,null,27097,43593799,null,0,144,1,0,1000,99080
null,null,30381,43748707,null,0,40,1000,1000,1,100396
null,null,23420,43785911,null,0,40,1000,1000,1,99948
null,null,16656,43814508,null,0,40,1000,1000,1,99808
null,null,24822,43874736,null,0,40,1000,0,0,101876
null,null,18959,43906673,null,0,40,1000,0,1,100853
null,null,9385,43936455,null,0,40,1000,100,1,99838
null,null,29553,43944318,null,0,40,1000,1000,1,101599
null,null,14679,43997110,null,0,40,1,1000,1,99185
null,null,20537,44011962,null,0,40,1,1000,1,98620
null,null,21058,44044361,null,0,40,1000,1000,1,98880
null,null,1517,44074638,null,0,144,1000,1000,1,101890
null,null,14384,44095219,null,0,40,1000,0,0,101679
null,null,14384,44095418,null,0,40,1000,0,0,101679
null,null,3181,44159282,null,0,144,1000,1,1,101220
null,null,24695,44193949,null,0,40,1000,0,0,100438
null,null,24695,44194147,null,0,40,1000,0,0,100438
null,null,14525,44215117,null,0,40,1000,0,0,100568
null,null,26722,44259355,null,0,40,1000,1000,1,98626
null,null,16441,44273118,null,0,40,1000,1000,1,100077
null,null,28177,44273318,null,0,40,1000,1000,1,100077
null,null,27206,44313699,null,0,40,1000,0,1,99730
null,null,22823,44325333,null,0,40,1000,0,1,99410
null,null,23047,44376632,null,0,40,1000,1000,1,101611
null,null,23735,44486281,null,0,40,1000,1000,1,100959
null,null,20693,44487757,null,0,40,1000,1000,1,101728
null,null,14385,44497274,null,0,40,1000,0,0,100274
null,null,25813,44691942,null,0,40,1000,1000,1,99741
null,null,14392,44727913,null,0,40,1000,0,0,100669
null,null,14525,44733917,null,0,40,1000,0,0,100459
null,null,29248,44747715,null,0,40,1000,1000,1,99888
null,null,24801,44817617,null,0,40,1000,0,0,101286
null,null,25604,44873311,null,0,40,1000,1000,1,101085
null,null,10764,44920436,null,0,40,1000,1000,1,99157
null,null,26793,44926792,null,0,40,1000,1000,1,100991
null,null,26793,44927785,null,0,40,1000,1000,1,100991
null,null,16854,44946932,null,0,40,1,1000,1,98744
null,null,12815,45037593,null,0,40,1,1000,1,99178
null,null,24666,45057953,null,0,40,1000,0,0,101302
null,null,21822,45119955,null,0,40,1000,0,1,101931
null,null,17004,45146649,null,0,40,1000,0,0,101139
null,null,27042,45180446,null,0,40,1000,1000,1,100936
null,null,14965,45203497,null,0,40,1,1000,1,99809
null,null,12904,45212944,null,0,40,1000,0,0,99846
null,null,25565,45331788,null,0,40,1000,0,1,99322
null,null,14388,45363589,null,0,40,1000,0,0,100874
null,null,14388,45363791,null,0,40,1000,0,0,100874
null,null,29654,45395495,null,0,40,1000,1000,1,100693
null,null,12875,45406289,null,0,40,1,1000,1,100079
null,null,24804,45407083,null,0,40,1000,0,0,99861
null,null,14472,45415733,null,0,40,1000,0,0,99846
null,null,24816,45416477,null,0,40,1000,0,0,100169
null,null,24756,45436615,null,0,40,1000,0,0,100398
null,null,12234,45484317,null,0,40,1,1000,1,98706
null,null,27680,45564315,null,0,40,1000,0,1,98201
null,null,14420,45565607,null,0,40,1000,0,0,100092
null,null,23609,45665321,null,0,40,1000,1000,1,100949
null,null,30453,45667787,null,0,40,1000,1000,1,99588
null,null,24779,45671145,null,0,40,1000,0,0,101042
null,null,26257,45677597,null,0,40,1000,0,1,98980
null,null,15950,45681647,null,0,40,1000,100,1,100492
null,null,29066,45688127,null,0,40,1000,1000,1,100191
null,null,14541,45734527,null,0,40,1000,0,0,101822
null,null,26734,45735640,null,0,40,1000,1000,1,101194
null,null,16729,45751943,null,0,40,1000,1000,1,101371
null,null,24221,45752598,null,0,40,1000,0,0,99346
null,null,22637,45778468,null,0,40,1000,1000,1,100060
null,null,23502,45788406,null,0,40,1000,1000,1,99672
null,null,24795,45800052,null,0,40,1000,0,0,98422
null,null,27066,45860781,null,0,40,1000,1000,1,101021
null,null,27066,45861577,null,0,40,1000,1000,1,101021
null,null,1380,45868924,null,0,144,1000,1000,1,99489
null,null,1380,45869521,null,0,144,1000,1000,1,99489
null,null,14470,45883808,null,0,40,1000,0,0,98957
null,null,21325,45929683,null,0,144,1,950,10,99568
null,null,17062,45966609,null,0,40,1000,1000,1,101066
null,null,28356,46024326,null,0,40,1000,1000,1,100614
null,null,2561,46043542,null,0,144,1000,1000,1,100365
null,null,23047,46067223,null,0,40,1000,1000,1,101005
null,null,29394,46105026,null,0,40,1000,1000,1,102994
null,null,27213,46146750,null,0,40,1000,0,1000000,98497
null,null,3487,46169796,null,0,144,1000,1000,1,101175
null,null,12084,46229595,null,0,40,1000,1000,1,101940
null,null,14515,46258031,null,0,40,1000,0,0,101052
null,null,24686,46264102,null,0,40,1000,0,0,100693
null,null,9630,46313332,null,0,144,1000,1000,1,99867
null,null,2620,46456158,null,0,144,1000,1000,100,99418
null,null,977,46516370,null,0,144,1000,1000,100,99866
null,null,29632,46531879,null,0,40,1000,1000,1,99522
null,null,18558,46557318,null,0,40,1000,1000,1,99750
null,null,6143,46587158,null,0,144,1000,1000,1,99591
null,null,23514,46597536,null,0,14,1,1000,10,100579
null,null,24817,46639725,null,0,40,1000,0,0,99867
null,null,17009,46670235,null,0,40,1000,0,0,99781
null,null,17005,46671790,null,0,40,1000,0,0,99863
null,null,1435,46803248,null,0,144,1000,1000,1,99779
null,null,12502,46846719,null,0,144,1,1000,100,100119
null,null,11908,46911503,null,0,40,1000,1000,1,99898
null,null,16761,47021559,null,0,40,1000,1000,1,100317
null,null,24895,47024920,null,0,40,1000,1000,1,100088
null,null,30055,47058175,null,0,40,1000,1000,1,99955
null,null,8866,47088207,null,0,40,1000,1000,1,100366
null,null,26337,47096353,null,0,144,1000,1,1,101408
null,null,27836,47100798,null,0,40,1000,1000,1,101330
null,null,2780,47154199,null,0,144,1000,1000,1,100329
null,null,25934,47170852,null,0,40,1000,100,1,98519
null,null,1892,47208817,null,0,144,1000,1000,1,100209
null,null,13916,47221304,null,0,144,1000,1000,100,100253
null,null,21230,47227693,null,0,40,1000,1000,1,99056
null,null,333,47257761,null,0,144,1000,1000,100,99684
null,null,23926,47295832,null,0,40,1000,0,1,99289
null,null,11133,47314351,null,0,40,1000,1000,1,100318
null,null,24971,47326473,null,0,40,1000,1000,1,98658
null,null,29110,47357423,null,0,40,1000,1000,1,101064
null,null,2179,47360113,null,0,144,1000,1000,1,101111
null,null,28352,47398626,null,0,40,1000,1000,1,100043
null,null,4342,47414677,null,0,144,1000,1000,1,100114
null,null,1273,47493663,null,0,144,1000,1000,1,100833
null,null,15306,47602468,null,0,40,1000,1000,1,98642
null,null,14419,47607053,null,0,40,1000,0,0,99828
null,null,14416,47660799,null,0,40,1000,0,0,98981
null,null,14414,47710665,null,0,40,1000,0,0,101015
null,null,16981,47711848,null,0,40,1000,1000,1,98827
null,null,24666,47763065,null,0,40,1000,0,0,100730
null,null,17004,47771587,null,0,40,1000,0,0,98672
null,null,14527,47802149,null,0,40,1000,0,0,99463
null,null,24775,47827192,null,0,40,1000,0,0,100375
null,null,1380,47842094,null,0,144,1000,1000,1,98474
null,null,3914,47846393,null,0,144,1000,1000,1,100479
null,null,24763,47870456,null,0,40,1000,0,0,100444
null,null,24169,47876458,null,0,40,1000,0,1,102004
null,null,7925,47937364,null,0,40,1000,1000,1,100631
null,null,12907,47948421,null,0,40,1000,0,0,99985
null,null,29060,48054486,null,0,40,1000,1000,1,102127
null,null,14523,48059674,null,0,40,1000,0,0,100365
null,null,11741,48112163,null,0,40,1000,0,10,99629
null,null,26722,48122142,null,0,40,1000,1000,1,99999
null,null,2316,48134348,null,0,144,1,1000,1,98985
null,null,12627,48138398,null,0,40,10000,1000,1,101245
null,null,10035,48251761,null,0,40,1000,1000,1,98885
null,null,26746,48255124,null,0,40,1000,1000,1,99786
null,null,26994,48365276,null,0,40,1000,0,1,100386
null,null,804,48371401,null,0,144,1000,1000,1,102399
null,null,14473,48402797,null,0,40,1000,0,0,98780
null,null,24235,48406796,null,0,40,1000,1000,1,100906
null,null,14523,48430366,null,0,40,1000,0,0,100488
null,null,7680,48454482,null,0,40,1000,1000,1,100756
null,null,10942,48474581,null,0,40,1000,1000,1,100247
null,null,27680,48488560,null,0,40,1000,0,1,101184
null,null,15598,48507964,null,0,40,1000,1000,1,99032
null,null,35,48675977,null,0,144,1000,100,1,99944
null,null,9622,48699668,null,0,40,1000,1000,1,100192
null,null,29863,48862051,null,0,40,1000,1000,1,100788
null,null,9120,48884151,null,0,40,1000,1000,1,98930
null,null,3627,48922605,null,0,144,1000,50,1,98989
null,null,26993,48954166,null,0,40,1000,0,1,101630
null,null,182,48986578,null,0,14,1,1000,10,100350
null,null,25202,48994337,null,0,40,1000,0,1,100399
null,null,3048,49007274,null,0,144,1000,1000,1,100412
null,null,916,49022750,null,0,144,1000,1000,1,99579
null,null,13978,49053039,null,0,40,1000,0,0,98345
null,null,3241,49070773,null,0,144,1000,1000,1,99372
null,null,24753,49078375,null,0,40,1000,0,0,99633
null,null,25312,49104325,null,0,40,1000,1000,1,100354
null,null,26128,49121858,null,0,40,1000,0,1,99884
null,null,1379,49122580,null,0,144,1000,1000,1,101131
null,null,23926,49131042,null,0,40,1000,0,1,100333
null,null,11126,49217274,null,0,40,1000,0,0,100861
null,null,12346,49240229,null,0,40,1,1000,1,101004
null,null,9064,49298066,null,0,40,1000,1000,1,100156
null,null,10043,49353076,null,0,40,1000,6969,69,100853
null,null,17010,49379260,null,0,40,1000,0,0,100007
null,null,14389,49413320,null,0,40,1000,0,0,100072
null,null,29733,49428824,null,0,40,1000,69420,69,102593
null,null,14396,49438228,null,0,40,1000,0,0,100480
null,null,24245,49492667,null,0,40,1000,1000,1,98868
null,null,30053,49508245,null,0,40,1000,1000,1,100965
null,null,14513,49618819,null,0,40,1000,0,0,101916
null,null,24760,49630515,null,0,40,1000,0,0,100718
null,null,26914,49661329,null,0,40,1000,1000,1,99536
null,null,15279,49697587,null,0,40,1000,0,0,101693
null,null,30055,49749818,null,0,40,1000,1000,1,101038
null,null,24548,49750265,null,0,40,1000,1000,1,100697
null,null,2443,49775189,null,0,144,1000,1000,1,98161
null,null,16972,49957771,null,0,40,1000,1000,1,99147
null,null,14454,49985281,null,0,40,1000,1000,1,99454
null,null,13596,50173184,null,0,40,1000,1000,1,100082
null,null,20100,50301397,null,0,40,1000,1000,1,101056
null,null,10985,50357650,null,0,144,1000,700,20,97895
null,null,18476,50410523,null,0,144,1000,1000,1,100633
null,null,7940,50416589,null,0,40,1000,1000,1,98231
null,null,12801,50438974,null,0,40,1,1000,1,100820
null,null,18,50460952,null,0,14,1000,1000,10,99965
null,null,5391,50489892,null,0,144,1000,1000,1,100802
null,null,5391,50490294,null,0,144,1000,1000,1,100802
null,null,28917,50509169,null,0,40,1000,1000,1,101259
null,null,3481,50515733,null,0,144,1000,1000,1,99546
null,null,29365,50630852,null,0,40,1000,1000,1,100491
null,null,26672,50671928,null,0,40,1000,1000,1,101637
null,null,16428,50691866,null,0,40,1000,1000,1,101006
null,null,30440,50716574,null,0,40,1000,1000,1,100593
null,null,14510,50795969,null,0,40,1000,0,0,100505
null,null,12858,50799451,null,0,40,1,1000,1,99790
null,null,21961,50814498,null,0,40,1000,1000,1,99315
null,null,21961,50814893,null,0,40,1000,1000,1,99315
null,null,24152,50848844,null,0,40,1000,1000,1,100674
null,null,16605,50872073,null,0,40,1000,1000,1,100785
null,null,9465,50932351,null,0,34,1000,1000,10,102080
null,null,23609,50935225,null,0,40,1000,1000,1,99087
null,null,5685,51040062,null,0,144,1000,1000,1,100603
null,null,24202,51087372,null,0,28,1000,0,0,99924
null,null,24036,51097843,null,0,40,1000,1000,1,100260
null,null,28016,51137066,null,0,40,1000,1000,1,100509
null,null,14419,51140365,null,0,40,1000,0,0,100818
null,null,23615,51148123,null,0,40,1000,1000,1,98842
null,null,25055,51194763,null,0,40,1000,1000,1,99579
null,null,25614,51211210,null,0,40,1000,1000,1,99536
null,null,16727,51278982,null,0,40,1,1000,5,98444
null,null,14472,51355139,null,0,40,1000,0,0,100117
null,null,30240,51356422,null,0,40,1000,1000,1,98862
null,null,30039,51373162,null,0,40,1000,1000,1,99096
null,null,20121,51396183,null,0,40,1000,1000,1,101172
null,null,26852,51399668,null,0,40,1000,1000,1,99643
null,null,12179,51442004,null,0,40,1,1000,1,99555
null,null,8284,51487366,null,0,40,1000,1000,1,99680
null,null,2799,51618642,null,0,144,1000,1000,1,102182
null,null,15944,51619618,null,0,144,1000,10,1,99530
null,null,24538,51626171,null,0,40,1000,1000,1,99383
null,null,19430,51692477,null,0,40,1000,1000,1,101150
null,null,26041,51694776,null,0,40,1000,1000,1,101895
null,null,8139,51699507,null,0,40,1000,1000,1,100186
null,null,12936,51727221,null,0,40,1000,0,0,100591
null,null,12936,51727617,null,0,40,1000,0,0,100591
null,null,18486,51758513,null,0,40,1000,4000,500,100087
null,null,23635,51758911,null,0,40,1000,1000,1,100087
null,null,26943,51766911,null,0,40,1000,1000,12,99932
null,null,21380,51842759,null,0,40,1000,1000,1,100038
null,null,21445,51843355,null,0,40,1000,1000,1,100038
null,null,26701,51844231,null,0,40,1000,1000,1,100230
null,null,13977,51975133,null,0,40,1000,0,0,98538
null,null,14481,52028261,null,0,40,1000,0,0,101971
null,null,14393,52073181,null,0,40,1000,0,0,99447
null,null,14531,52089756,null,0,40,1000,0,0,99204
null,null,9687,52112109,null,0,34,1,1,10,100317
null,null,24784,52131844,null,0,40,1000,0,0,99185
null,null,24277,52191515,null,0,40,1000,1000,1,100796
null,null,26671,52195665,null,0,40,1000,1000,1,100408
null,null,25566,52289431,null,0,40,1000,0,1,99635
null,null,15645,52317002,null,0,40,1000,1000,1,100136
null,null,23624,52321120,null,0,40,1000,1000,1,99455
null,null,13632,52349920,null,0,40,1000,1000,1,101021
null,null,23868,52357822,null,0,40,1000,1000,1,100037
null,null,2343,52364623,null,0,144,1000,1000,1,98994
null,null,13974,52417516,null,0,40,1000,0,0,101223
null,null,24680,52499372,null,0,40,1000,0,0,99018
null,null,7946,52523780,null,0,40,1,1000,1,101746
null,null,4435,52561602,null,0,144,1000,1000,1,100675
null,null,13419,52586444,null,0,40,1000,1000,1,101247
null,null,21354,52628026,null,0,40,1000,1000,1,101567
null,null,15280,52696493,null,0,40,1000,0,0,99211
null,null,26856,52702771,null,0,40,1000,1000,1,98498
null,null,15851,52777838,null,0,40,1000,1000,1,101012
null,null,18168,52778234,null,0,40,1000,1000,1,101012
null,null,16766,52791171,null,0,40,1000,1000,1,101392
null,null,24283,52824984,null,0,40,1000,0,0,97994
null,null,27351,52868547,null,0,40,1000,1000,1,100285
null,null,15380,52902949,null,0,40,1000,0,0,100347
null,null,24703,52909084,null,0,40,1000,0,0,99339
null,null,24703,52910078,null,0,40,1000,0,0,99339
null,null,12058,52932455,null,0,40,1,100,5,100220
null,null,22841,53075850,null,0,40,1000,1000,1,99480
null,null,23609,53077936,null,0,40,1000,1000,1,102012
null,null,29164,53138244,null,0,40,1000,1000,1,98801
null,null,29319,53147925,null,0,40,1000,1000,1,99775
null,null,29178,53206473,null,0,40,1000,1000,1,100366
null,null,27053,53241509,null,0,40,1000,1000,1,100931
null,null,15470,53273395,null,0,40,1000,1000,1,99606
null,null,9055,53278685,null,0,40,1,1000,1,100327
null,null,14482,53309887,null,0,40,1000,0,0,101032
null,null,29913,53397006,null,0,40,1000,1000,1,100494
null,null,18449,53529630,null,0,40,1000,1000,1,98140
null,null,12159,53585146,null,0,40,1000,1000,10,100241
null,null,27444,53659718,null,0,40,1000,2000,300,100649
null,null,25192,53768039,null,0,34,0,1000,10,99574
null,null,13063,53830507,null,0,40,1000,1000,1,100426
null,null,7688,53863971,null,0,36,0,10,100,99589
null,null,13866,53870790,null,0,40,1,1000,1,100280
null,null,23489,53978042,null,0,40,1000,1000,1,99068
null,null,14542,54017310,null,0,40,1000,0,0,101420
null,null,5327,54048594,null,0,144,1000,1000,1,99639
null,null,10327,54087350,null,0,40,1,1000,1,99094
null,null,4786,54091197,null,0,18,1000,1,1,99397
null,null,3250,54091597,null,0,144,1000,1,1,99397
null,null,922,54255403,null,0,14,1000,1000,10,101919
null,null,9375,54288414,null,0,40,1,1000,1,100944
null,null,6981,54423776,null,0,144,1000,1000,1,101634
null,null,20068,54593904,null,0,20,1000,1,1,101169
null,null,26041,54630577,null,0,40,1000,1000,1,98858
null,null,26855,54642987,null,0,40,1000,1000,1,100072
null,null,7292,54670415,null,0,40,1,1000,1,98129
null,null,18129,54746400,null,0,40,1000,500,500,101139
null,null,2483,54748278,null,0,144,1000,1000,100,99215
null,null,14473,54845983,null,0,40,1000,0,0,101782
null,null,29138,54865370,null,0,40,1000,1000,1,101030
null,null,22968,54891712,null,0,40,1000,1000,1,99859
null,null,22968,54892112,null,0,40,1000,1000,1,99859
null,null,8560,54900353,null,0,40,1,1000,1,101310
null,null,15852,54984886,null,0,40,1,1000,1,100120
null,null,4384,54986650,null,0,144,1000,1000,1,101212
null,null,24572,55000663,null,0,40,1000,1000,1,99415
null,null,23868,55019546,null,0,40,1000,1000,1,99747
null,null,24692,55034970,null,0,40,1000,0,0,100079
null,null,25498,55166143,null,0,40,1000,0,1,99453
null,null,24191,55261931,null,0,40,1000,1000,1,100394
null,null,22038,55285954,null,0,40,1000,1,91,97949
null,null,24316,55307977,null,0,40,1,1000,1,100080
null,null,29140,55356207,null,0,40,1000,1000,1,99999
null,null,30109,55436580,null,0,40,1000,1000,1,100252
null,null,30039,55441224,null,0,40,1000,1000,1,100066
null,null,25813,55498382,null,0,40,1000,1000,1,98459
null,null,25813,55498778,null,0,40,1000,1000,1,98459
null,null,13034,55531774,null,0,40,1,1000,1,100501
null,null,14420,55536378,null,0,40,1000,0,0,101378
null,null,13887,55630714,null,0,40,1000,1000,1,101048
null,null,14170,55730035,null,0,40,1000,0,0,100139
null,null,22170,55795973,null,0,40,1000,1000,1,100630
null,null,26240,55870766,null,0,40,1000,1000,1,100817
null,null,1984,55983046,null,0,14,1000,1000,10,101169
null,null,16208,56056197,null,0,40,1000,0,1,99194
null,null,16706,56073346,null,0,40,1000,1000,1,99400
null,null,3839,56133733,null,0,144,1000,1000,1,98139
null,null,26631,56139205,null,0,40,1000,1000,1,100199
null,null,8511,56221937,null,0,40,1,1000,1,101108
null,null,12451,56368779,null,0,40,1000,1000,1,100934
null,null,25157,56381415,null,0,40,1000,1000,1,100846
null,null,25157,56382013,null,0,40,1000,1000,1,100846
null,null,13975,56385900,null,0,40,1000,0,0,100832
null,null,22823,56385953,null,0,40,1000,0,1,100950
null,null,14396,56409956,null,0,40,1000,0,0,98640
null,null,25860,56460253,null,0,40,1000,0,1,99474
null,null,18449,56469415,null,0,40,1000,1000,1,99939
null,null,29193,56582975,null,0,40,1000,1000,1,99302
null,null,3646,56642976,null,0,144,1000,1000,1,99321
null,null,14519,56659705,null,0,40,1000,0,0,99771
null,null,3540,56699453,null,0,14,1000,1000,10,100389
null,null,2616,56726790,null,0,144,1000,1000,1,101563
null,null,12905,56739286,null,0,40,1000,0,0,99667
null,null,21822,56783461,null,0,40,1000,0,1,101326
null,null,30450,56796838,null,0,34,0,1,1,100210
null,null,3821,56857617,null,0,144,1000,1000,1,100190
null,null,18991,56862743,null,0,40,1000,0,0,99674
null,null,2745,56864247,null,0,144,1000,1000,1,100657
null,null,24725,56868049,null,0,40,1000,0,0,100222
null,null,11741,56890147,null,0,40,1000,0,10,99080
null,null,27204,56924666,null,0,40,1000,0,1,99911
null,null,14173,56928752,null,0,40,1000,0,0,99756
null,null,8324,56932793,null,0,40,1,1000,1,102071
null,null,1502,56977747,null,0,144,1000,1000,1,101682
null,null,11691,57060508,null,0,40,1000,1000,1,98382
null,null,1758,57092872,null,0,144,1000,1000,1,102089
null,null,21325,57099108,null,0,144,1,950,10,100350
null,null,7964,57114394,null,0,40,1000,1000,1,99239
null,null,23346,57146628,null,0,40,1000,1000,1,98824
null,null,11894,57192857,null,0,40,1,1000,1,97691
null,null,29953,57212834,null,0,34,1,1000,10,100770
null,null,11929,57217843,null,0,40,1,1000,1,100857
null,null,366,57266082,null,0,144,1000,1000,1,98795
null,null,27033,57278683,null,0,40,1000,1000,1,100258
null,null,1515,57301814,null,0,144,1000,1000,1,99812
null,null,14051,57329256,null,0,40,1000,1000,1,99089
null,null,2251,57350333,null,0,144,1000,1000,1,102093
null,null,155,57355856,null,0,144,1000,1000,1,100081
null,null,27511,57363959,null,0,40,1000,1000,1,100772
null,null,552,57469658,null,0,14,1000,1,1,100450
null,null,16283,57540377,null,0,40,1000,1000,1,99878
null,null,13977,57540763,null,0,40,1000,0,0,99548
null,null,16062,57600731,null,0,4,1,250,0,100331
null,null,4086,57656329,null,0,144,1000,1000,1,100198
null,null,26198,57658651,null,0,40,1000,1,1,100593
null,null,9448,57671357,null,0,40,1,1000,1,99177
null,null,14817,57707054,null,0,4,1000,5,1000000,101295
null,null,18151,57737314,null,0,40,1,1000,1,99713
null,null,6564,57772029,null,0,40,1000,1000,1,98144
null,null,1578,57840462,null,0,144,1000,1000,1,101346
null,null,7679,57868341,null,0,40,1000,1000,1,100766
null,null,1872,57888717,null,0,144,1000,1000,1,99635
null,null,16637,57915361,null,0,40,1000,1000,1,98616
null,null,8658,57939304,null,0,14,1000,1000,10,100405
null,null,28295,57996729,null,0,34,1,95,1,101266
null,null,7562,58180238,null,0,40,1000,1000,1,99824
null,null,16943,58187928,null,0,40,1000,1000,1,100459
null,null,25651,58194192,null,0,40,1000,1000,1,100548
null,null,24222,58206932,null,0,40,1000,0,0,98995
null,null,14529,58267556,null,0,40,1000,0,0,100461
null,null,25988,58284563,null,0,40,1000,0,1,100002
null,null,26070,58291489,null,0,40,1000,1000,1,99571
null,null,14169,58293930,null,0,40,1000,0,0,98621
null,null,10804,58367942,null,0,40,1000,1000,1,99893
null,null,2159,58371040,null,0,144,1000,1000,1,99530
null,null,16959,58389745,null,0,40,1000,1000,1,97402
null,null,16959,58390145,null,0,40,1000,1000,1,97402
null,null,16874,58417627,null,0,40,1000,1000,35,99486
null,null,14518,58443820,null,0,40,1000,0,0,100466
null,null,8664,58450590,null,0,40,1,1000,1,98887
null,null,13120,58489157,null,0,40,1000,2500,1000,100895
null,null,2014,58497522,null,0,144,1000,1000,1,99982
null,null,14515,58530990,null,0,40,1000,0,0,100240
null,null,11695,58582284,null,0,40,1000,1000,1,100649
